id,created_at,Title,Collection_Id,Description,Views,Img
8,2024-08-07 21:50:55.915328+00,Antropología,2,,0,https://images.pexels.com/photos/373465/pexels-photo-373465.jpeg?auto=compress&cs=tinysrgb&w=1440&h=80&dpr=1
9,2024-08-07 21:50:55.915328+00,Arqueología,2,,0,https://images.pexels.com/photos/373465/pexels-photo-373465.jpeg?auto=compress&cs=tinysrgb&w=1440&h=80&dpr=1
10,2024-08-07 21:50:55.915328+00,Arte y manualidades,2,,0,https://images.pexels.com/photos/373465/pexels-photo-373465.jpeg?auto=compress&cs=tinysrgb&w=1440&h=80&dpr=1
11,2024-08-07 21:50:55.915328+00,Artes,2,,0,https://images.pexels.com/photos/373465/pexels-photo-373465.jpeg?auto=compress&cs=tinysrgb&w=1440&h=80&dpr=1
12,2024-08-07 21:50:55.915328+00,Astronomía,2,,0,https://images.pexels.com/photos/373465/pexels-photo-373465.jpeg?auto=compress&cs=tinysrgb&w=1440&h=80&dpr=1
13,2024-08-07 21:50:55.915328+00,Bilingüe,2,,0,https://images.pexels.com/photos/373465/pexels-photo-373465.jpeg?auto=compress&cs=tinysrgb&w=1440&h=80&dpr=1
14,2024-08-07 21:50:55.915328+00,Biografía,2,,0,https://images.pexels.com/photos/373465/pexels-photo-373465.jpeg?auto=compress&cs=tinysrgb&w=1440&h=80&dpr=1
15,2024-08-07 21:50:55.915328+00,Botánica,2,,0,https://images.pexels.com/photos/373465/pexels-photo-373465.jpeg?auto=compress&cs=tinysrgb&w=1440&h=80&dpr=1
16,2024-08-07 21:50:55.915328+00,Chispas lectoras,1,,0,https://images.pexels.com/photos/373465/pexels-photo-373465.jpeg?auto=compress&cs=tinysrgb&w=1440&h=80&dpr=1
17,2024-08-07 21:50:55.915328+00,Chistes y trabalenguas,1,,0,https://images.pexels.com/photos/373465/pexels-photo-373465.jpeg?auto=compress&cs=tinysrgb&w=1440&h=80&dpr=1
18,2024-08-07 21:50:55.915328+00,Ciencia,2,,0,https://images.pexels.com/photos/373465/pexels-photo-373465.jpeg?auto=compress&cs=tinysrgb&w=1440&h=80&dpr=1
19,2024-08-07 21:50:55.915328+00,Ciencia ficción,1,,0,https://images.pexels.com/photos/373465/pexels-photo-373465.jpeg?auto=compress&cs=tinysrgb&w=1440&h=80&dpr=1
20,2024-08-07 21:50:55.915328+00,Ciencias sociales,2,,0,https://images.pexels.com/photos/373465/pexels-photo-373465.jpeg?auto=compress&cs=tinysrgb&w=1440&h=80&dpr=1
21,2024-08-07 21:50:55.915328+00,Clásicos,1,,0,https://images.pexels.com/photos/373465/pexels-photo-373465.jpeg?auto=compress&cs=tinysrgb&w=1440&h=80&dpr=1
22,2024-08-07 21:50:55.915328+00,Clásicos para niños,1,,0,https://images.pexels.com/photos/373465/pexels-photo-373465.jpeg?auto=compress&cs=tinysrgb&w=1440&h=80&dpr=1
23,2024-08-07 21:50:55.915328+00,Consulta,2,,0,https://images.pexels.com/photos/373465/pexels-photo-373465.jpeg?auto=compress&cs=tinysrgb&w=1440&h=80&dpr=1
24,2024-08-07 21:50:55.915328+00,Cosas y lugares,2,,0,https://images.pexels.com/photos/373465/pexels-photo-373465.jpeg?auto=compress&cs=tinysrgb&w=1440&h=80&dpr=1
25,2024-08-07 21:50:55.915328+00,Crónica,1,,0,https://images.pexels.com/photos/373465/pexels-photo-373465.jpeg?auto=compress&cs=tinysrgb&w=1440&h=80&dpr=1
26,2024-08-07 21:50:55.915328+00,Cuentos,1,,0,https://images.pexels.com/photos/373465/pexels-photo-373465.jpeg?auto=compress&cs=tinysrgb&w=1440&h=80&dpr=1
27,2024-08-07 21:50:55.915328+00,Cuerpo humano,2,,0,https://images.pexels.com/photos/373465/pexels-photo-373465.jpeg?auto=compress&cs=tinysrgb&w=1440&h=80&dpr=1
28,2024-08-07 21:50:55.915328+00,Cuidado de los hijos,2,,0,https://images.pexels.com/photos/373465/pexels-photo-373465.jpeg?auto=compress&cs=tinysrgb&w=1440&h=80&dpr=1
29,2024-08-07 21:50:55.915328+00,Culturas,2,,0,https://images.pexels.com/photos/373465/pexels-photo-373465.jpeg?auto=compress&cs=tinysrgb&w=1440&h=80&dpr=1
30,2024-08-07 21:50:55.915328+00,Cómo hacer,2,,0,https://images.pexels.com/photos/373465/pexels-photo-373465.jpeg?auto=compress&cs=tinysrgb&w=1440&h=80&dpr=1
31,2024-08-07 21:50:55.915328+00,Danza,2,,0,https://images.pexels.com/photos/373465/pexels-photo-373465.jpeg?auto=compress&cs=tinysrgb&w=1440&h=80&dpr=1
32,2024-08-07 21:50:55.915328+00,De libro a película,1,,0,https://images.pexels.com/photos/373465/pexels-photo-373465.jpeg?auto=compress&cs=tinysrgb&w=1440&h=80&dpr=1
33,2024-08-07 21:50:55.915328+00,Deportes,2,,0,https://images.pexels.com/photos/373465/pexels-photo-373465.jpeg?auto=compress&cs=tinysrgb&w=1440&h=80&dpr=1
34,2024-08-07 21:50:55.915328+00,Diario,1,,0,https://images.pexels.com/photos/373465/pexels-photo-373465.jpeg?auto=compress&cs=tinysrgb&w=1440&h=80&dpr=1
35,2024-08-07 21:50:55.915328+00,Dibujo,2,,0,https://images.pexels.com/photos/373465/pexels-photo-373465.jpeg?auto=compress&cs=tinysrgb&w=1440&h=80&dpr=1
36,2024-08-07 21:50:55.915328+00,Diccionarios y enciclopedias,2,,0,https://images.pexels.com/photos/373465/pexels-photo-373465.jpeg?auto=compress&cs=tinysrgb&w=1440&h=80&dpr=1
37,2024-08-07 21:50:55.915328+00,Dinosaurios,2,,0,https://images.pexels.com/photos/373465/pexels-photo-373465.jpeg?auto=compress&cs=tinysrgb&w=1440&h=80&dpr=1
38,2024-08-07 21:50:55.915328+00,Diversidad,2,,0,https://images.pexels.com/photos/373465/pexels-photo-373465.jpeg?auto=compress&cs=tinysrgb&w=1440&h=80&dpr=1
39,2024-08-07 21:50:55.915328+00,Disney,1,,0,https://images.pexels.com/photos/373465/pexels-photo-373465.jpeg?auto=compress&cs=tinysrgb&w=1440&h=80&dpr=1
40,2024-08-07 21:50:55.915328+00,Drama,1,,0,https://images.pexels.com/photos/373465/pexels-photo-373465.jpeg?auto=compress&cs=tinysrgb&w=1440&h=80&dpr=1
41,2024-08-07 21:50:55.915328+00,Ecología,2,,0,https://images.pexels.com/photos/373465/pexels-photo-373465.jpeg?auto=compress&cs=tinysrgb&w=1440&h=80&dpr=1
42,2024-08-07 21:50:55.915328+00,Economía,2,,0,https://images.pexels.com/photos/373465/pexels-photo-373465.jpeg?auto=compress&cs=tinysrgb&w=1440&h=80&dpr=1
43,2024-08-07 21:50:55.915328+00,Educación,2,,0,https://images.pexels.com/photos/373465/pexels-photo-373465.jpeg?auto=compress&cs=tinysrgb&w=1440&h=80&dpr=1
44,2024-08-07 21:50:55.915328+00,Educación de los hijos,2,,0,https://images.pexels.com/photos/373465/pexels-photo-373465.jpeg?auto=compress&cs=tinysrgb&w=1440&h=80&dpr=1
45,2024-08-07 21:50:55.915328+00,Enciclopedias,2,,0,https://images.pexels.com/photos/373465/pexels-photo-373465.jpeg?auto=compress&cs=tinysrgb&w=1440&h=80&dpr=1
46,2024-08-07 21:50:55.915328+00,Ensayo,1,,0,https://images.pexels.com/photos/373465/pexels-photo-373465.jpeg?auto=compress&cs=tinysrgb&w=1440&h=80&dpr=1
47,2024-08-07 21:50:55.915328+00,Escritura,2,,0,https://images.pexels.com/photos/373465/pexels-photo-373465.jpeg?auto=compress&cs=tinysrgb&w=1440&h=80&dpr=1
48,2024-08-07 21:50:55.915328+00,Espiritualidad,2,,0,https://images.pexels.com/photos/373465/pexels-photo-373465.jpeg?auto=compress&cs=tinysrgb&w=1440&h=80&dpr=1
49,2024-08-07 21:50:55.915328+00,Experimentos,2,,0,https://images.pexels.com/photos/373465/pexels-photo-373465.jpeg?auto=compress&cs=tinysrgb&w=1440&h=80&dpr=1
50,2024-08-07 21:50:55.915328+00,Filosofía,1,,0,https://images.pexels.com/photos/373465/pexels-photo-373465.jpeg?auto=compress&cs=tinysrgb&w=1440&h=80&dpr=1
51,2024-08-07 21:50:55.915328+00,Futbol,2,,0,https://images.pexels.com/photos/373465/pexels-photo-373465.jpeg?auto=compress&cs=tinysrgb&w=1440&h=80&dpr=1
52,2024-08-07 21:50:55.915328+00,Fábulas,1,,0,https://images.pexels.com/photos/373465/pexels-photo-373465.jpeg?auto=compress&cs=tinysrgb&w=1440&h=80&dpr=1
53,2024-08-07 21:50:55.915328+00,Grandes lectores,1,,0,https://images.pexels.com/photos/373465/pexels-photo-373465.jpeg?auto=compress&cs=tinysrgb&w=1440&h=80&dpr=1
54,2024-08-07 21:50:55.915328+00,Hadas,1,,0,https://images.pexels.com/photos/373465/pexels-photo-373465.jpeg?auto=compress&cs=tinysrgb&w=1440&h=80&dpr=1
55,2024-08-07 21:50:55.915328+00,Historia,2,,0,https://images.pexels.com/photos/373465/pexels-photo-373465.jpeg?auto=compress&cs=tinysrgb&w=1440&h=80&dpr=1
56,2024-08-07 21:50:55.915328+00,Informativos,2,,0,https://images.pexels.com/photos/373465/pexels-photo-373465.jpeg?auto=compress&cs=tinysrgb&w=1440&h=80&dpr=1
57,2024-08-07 21:50:55.915328+00,Jardinería,2,,0,https://images.pexels.com/photos/373465/pexels-photo-373465.jpeg?auto=compress&cs=tinysrgb&w=1440&h=80&dpr=1
58,2024-08-07 21:50:55.915328+00,Juegos tradicionales,2,,0,https://images.pexels.com/photos/373465/pexels-photo-373465.jpeg?auto=compress&cs=tinysrgb&w=1440&h=80&dpr=1
59,2024-08-07 21:50:55.915328+00,Juegos y adivinanzas,2,,0,https://images.pexels.com/photos/373465/pexels-photo-373465.jpeg?auto=compress&cs=tinysrgb&w=1440&h=80&dpr=1
60,2024-08-07 21:50:55.915328+00,Jóvenes lectores,1,,0,https://images.pexels.com/photos/373465/pexels-photo-373465.jpeg?auto=compress&cs=tinysrgb&w=1440&h=80&dpr=1
61,2024-08-07 21:50:55.915328+00,Lectores juveniles,1,,0,https://images.pexels.com/photos/373465/pexels-photo-373465.jpeg?auto=compress&cs=tinysrgb&w=1440&h=80&dpr=1
62,2024-08-07 21:50:55.915328+00,Lectores medianas,1,,0,https://images.pexels.com/photos/373465/pexels-photo-373465.jpeg?auto=compress&cs=tinysrgb&w=1440&h=80&dpr=1
63,2024-08-07 21:50:55.915328+00,Lectores medianos,1,,0,https://images.pexels.com/photos/373465/pexels-photo-373465.jpeg?auto=compress&cs=tinysrgb&w=1440&h=80&dpr=1
64,2024-08-07 21:50:55.915328+00,Libros ilustrados,1,,0,https://images.pexels.com/photos/373465/pexels-photo-373465.jpeg?auto=compress&cs=tinysrgb&w=1440&h=80&dpr=1
65,2024-08-07 21:50:55.915328+00,Literatura,1,,0,https://images.pexels.com/photos/373465/pexels-photo-373465.jpeg?auto=compress&cs=tinysrgb&w=1440&h=80&dpr=1
66,2024-08-07 21:50:55.915328+00,Literatura clásica,1,,0,https://images.pexels.com/photos/373465/pexels-photo-373465.jpeg?auto=compress&cs=tinysrgb&w=1440&h=80&dpr=1
67,2024-08-07 21:50:55.915328+00,Mascotas,2,,0,https://images.pexels.com/photos/373465/pexels-photo-373465.jpeg?auto=compress&cs=tinysrgb&w=1440&h=80&dpr=1
68,2024-08-07 21:50:55.915328+00,Matemáticas,2,,0,https://images.pexels.com/photos/373465/pexels-photo-373465.jpeg?auto=compress&cs=tinysrgb&w=1440&h=80&dpr=1
69,2024-08-07 21:50:55.915328+00,Medicina,2,,0,https://images.pexels.com/photos/373465/pexels-photo-373465.jpeg?auto=compress&cs=tinysrgb&w=1440&h=80&dpr=1
70,2024-08-07 21:50:55.915328+00,Misterio,1,,0,https://images.pexels.com/photos/373465/pexels-photo-373465.jpeg?auto=compress&cs=tinysrgb&w=1440&h=80&dpr=1
71,2024-08-07 21:50:55.915328+00,Mitología,1,,0,https://images.pexels.com/photos/373465/pexels-photo-373465.jpeg?auto=compress&cs=tinysrgb&w=1440&h=80&dpr=1
72,2024-08-07 21:50:55.915328+00,Mitos y leyendas,1,,0,https://images.pexels.com/photos/373465/pexels-photo-373465.jpeg?auto=compress&cs=tinysrgb&w=1440&h=80&dpr=1
73,2024-08-07 21:50:55.915328+00,Mujeres,2,,0,https://images.pexels.com/photos/373465/pexels-photo-373465.jpeg?auto=compress&cs=tinysrgb&w=1440&h=80&dpr=1
74,2024-08-07 21:50:55.915328+00,Musica,2,,0,https://images.pexels.com/photos/373465/pexels-photo-373465.jpeg?auto=compress&cs=tinysrgb&w=1440&h=80&dpr=1
75,2024-08-07 21:50:55.915328+00,Naturaleza,2,,0,https://images.pexels.com/photos/373465/pexels-photo-373465.jpeg?auto=compress&cs=tinysrgb&w=1440&h=80&dpr=1
76,2024-08-07 21:50:55.915328+00,Novela,1,,0,https://images.pexels.com/photos/373465/pexels-photo-373465.jpeg?auto=compress&cs=tinysrgb&w=1440&h=80&dpr=1
77,2024-08-07 21:50:55.915328+00,Novela gráfica,1,,0,https://images.pexels.com/photos/373465/pexels-photo-373465.jpeg?auto=compress&cs=tinysrgb&w=1440&h=80&dpr=1
78,2024-08-07 21:50:55.915328+00,Pequeños lectores,1,,0,https://images.pexels.com/photos/373465/pexels-photo-373465.jpeg?auto=compress&cs=tinysrgb&w=1440&h=80&dpr=1
79,2024-08-07 21:50:55.915328+00,Planetas,2,,0,https://images.pexels.com/photos/373465/pexels-photo-373465.jpeg?auto=compress&cs=tinysrgb&w=1440&h=80&dpr=1
1,2024-08-07 21:50:55.915328+00,Adicciones,2,,0,https://images.pexels.com/photos/373465/pexels-photo-373465.jpeg?auto=compress&cs=tinysrgb&w=1440&h=80&dpr=1
2,2024-08-07 21:50:55.915328+00,Adivinanzas,1,,0,https://images.pexels.com/photos/373465/pexels-photo-373465.jpeg?auto=compress&cs=tinysrgb&w=1440&h=80&dpr=1
3,2024-08-07 21:50:55.915328+00,Adopción,2,,0,https://images.pexels.com/photos/373465/pexels-photo-373465.jpeg?auto=compress&cs=tinysrgb&w=1440&h=80&dpr=1
4,2024-08-07 21:50:55.915328+00,Ajedrez,2,,0,https://images.pexels.com/photos/373465/pexels-photo-373465.jpeg?auto=compress&cs=tinysrgb&w=1440&h=80&dpr=1
5,2024-08-07 21:50:55.915328+00,Algarabía,2,,0,https://images.pexels.com/photos/373465/pexels-photo-373465.jpeg?auto=compress&cs=tinysrgb&w=1440&h=80&dpr=1
6,2024-08-07 21:50:55.915328+00,Algarabía niños,2,,0,https://images.pexels.com/photos/373465/pexels-photo-373465.jpeg?auto=compress&cs=tinysrgb&w=1440&h=80&dpr=1
7,2024-08-07 21:50:55.915328+00,Animales,2,,0,https://images.pexels.com/photos/373465/pexels-photo-373465.jpeg?auto=compress&cs=tinysrgb&w=1440&h=80&dpr=1
80,2024-08-07 21:50:55.915328+00,Plantas,2,,0,https://images.pexels.com/photos/373465/pexels-photo-373465.jpeg?auto=compress&cs=tinysrgb&w=1440&h=80&dpr=1
81,2024-08-07 21:50:55.915328+00,Poesía,1,,0,https://images.pexels.com/photos/373465/pexels-photo-373465.jpeg?auto=compress&cs=tinysrgb&w=1440&h=80&dpr=1
82,2024-08-07 21:50:55.915328+00,Poesía infantil,1,,0,https://images.pexels.com/photos/373465/pexels-photo-373465.jpeg?auto=compress&cs=tinysrgb&w=1440&h=80&dpr=1
83,2024-08-07 21:50:55.915328+00,Prehispánico,2,,0,https://images.pexels.com/photos/373465/pexels-photo-373465.jpeg?auto=compress&cs=tinysrgb&w=1440&h=80&dpr=1
84,2024-08-07 21:50:55.915328+00,Recetas,2,,0,https://images.pexels.com/photos/373465/pexels-photo-373465.jpeg?auto=compress&cs=tinysrgb&w=1440&h=80&dpr=1
85,2024-08-07 21:50:55.915328+00,Relaciones,2,,0,https://images.pexels.com/photos/373465/pexels-photo-373465.jpeg?auto=compress&cs=tinysrgb&w=1440&h=80&dpr=1
86,2024-08-07 21:50:55.915328+00,Religión,2,,0,https://images.pexels.com/photos/373465/pexels-photo-373465.jpeg?auto=compress&cs=tinysrgb&w=1440&h=80&dpr=1
87,2024-08-07 21:50:55.915328+00,Revista,2,,0,https://images.pexels.com/photos/373465/pexels-photo-373465.jpeg?auto=compress&cs=tinysrgb&w=1440&h=80&dpr=1
88,2024-08-07 21:50:55.915328+00,Revista niños,2,,0,https://images.pexels.com/photos/373465/pexels-photo-373465.jpeg?auto=compress&cs=tinysrgb&w=1440&h=80&dpr=1
89,2024-08-07 21:50:55.915328+00,Salud,2,,0,https://images.pexels.com/photos/373465/pexels-photo-373465.jpeg?auto=compress&cs=tinysrgb&w=1440&h=80&dpr=1
90,2024-08-07 21:50:55.915328+00,Superheroes,1,,0,https://images.pexels.com/photos/373465/pexels-photo-373465.jpeg?auto=compress&cs=tinysrgb&w=1440&h=80&dpr=1
91,2024-08-07 21:50:55.915328+00,Teatro,1,,0,https://images.pexels.com/photos/373465/pexels-photo-373465.jpeg?auto=compress&cs=tinysrgb&w=1440&h=80&dpr=1
92,2024-08-07 21:50:55.915328+00,Terror,1,,0,https://images.pexels.com/photos/373465/pexels-photo-373465.jpeg?auto=compress&cs=tinysrgb&w=1440&h=80&dpr=1
93,2024-08-07 21:50:55.915328+00,Thriller,1,,0,https://images.pexels.com/photos/373465/pexels-photo-373465.jpeg?auto=compress&cs=tinysrgb&w=1440&h=80&dpr=1